PassengerId,Survived,Pclass,Name,Sex,Age,SibSp,Parch,Ticket,Fare,Cabin,Embarked
1,0,3,"Braund, Mr. Owen Harris",male,22.0,1,0,A/5 21171,7.25,,S
2,1,1,"Cumings, Mrs. John Bradley (Florence Briggs Thayer)",female,38.0,1,0,PC 17599,71.2833,C85,C
3,1,3,"Heikkinen, Miss. Laina",female,26.0,0,0,STON/O2. 3101282,7.925,,S
4,1,1,"Futrelle, Mrs. Jacques Heath (Lily May Peel)",female,35.0,1,0,113803,53.1,C123,S
5,0,3,"Allen, Mr. William Henry",male,35.0,0,0,373450,8.05,,S
6,0,1,"McCarthy, Mrs. Alice",female,34.17,1,0,808461,264.2919,,C
7,0,3,"Davis, Miss. Margaret",female,50.22,1,0,115010,40.7249,,S
8,0,3,"Bonnell, Mr. George",male,19.32,0,0,524472,32.2878,,C
9,0,3,"Allen, Mr. Albert",male,,1,0,148032,7.9043,,S
10,0,3,"Saundercock, Mrs. Florence",female,,0,1,458820,33.9372,,S
11,0,1,"Johnson, Miss. Elizabeth",female,,4,0,278948,265.077,,S
12,1,3,"Williams, Mr. James",male,28.82,0,0,C.A. 670986,43.7524,,S
13,0,1,"Nasser, Mr. Arthur",male,42.26,1,0,A/4 924953,141.8319,,C
14,0,3,"Futrelle, Mr. George",male,37.4,0,2,PC 106072,35.8578,,S
15,0,3,"Miller, Miss. Edith",female,,0,0,63287,11.2592,,Q
16,1,2,"Williams, Mrs. Florence",female,33.61,1,0,693353,54.2657,,S
17,1,2,"Johnson, Mr. Frederick",male,20.82,0,0,PP 662414,70.2267,,S
18,1,2,"Lee, Mr. John",male,12.0,0,4,442733,43.4744,A106,S
19,1,3,"Saundercock, Mr. Edward",male,38.89,0,0,836544,55.262,,Q
20,0,3,"Thomas, Mr. William",male,27.89,0,0,160379,22.8718,,S
21,0,1,"Moore, Mr. James",male,6.31,0,0,835354,108.0656,,S
22,0,3,"Heikkinen, Mr. James",male,38.65,1,0,604623,31.0833,,S
23,0,3,"Johnstone, Mr. Albert",male,46.75,1,0,67985,30.3892,,C
24,1,2,"Moran, Mr. William",male,25.11,0,2,976112,63.0809,E17,S
25,0,3,"Wilson, Mr. Arthur",male,13.0,0,0,172349,12.4323,,S
26,1,1,"Vestrom, Miss. Florence",female,11.97,0,0,SC/Paris 450813,290.4368,,Q
27,0,3,"White, Mr. James",male,,0,0,C.A. 701572,7.1243,,S
28,1,3,"Carlsson, Mr. Edward",male,10.19,0,0,954197,16.4776,,C
29,0,1,"Skoog, Mrs. Rose",female,28.47,0,0,A/4 552238,243.3891,,S
30,0,3,"Smith, Mr. Frederick",male,,0,0,PP 498760,44.5854,,S
31,1,3,"Harris, Mr. Charles",male,16.01,0,0,A/5 368747,24.2226,,S
32,0,3,"Heikkinen, Mr. William",male,,0,0,856121,67.241,,S
33,1,3,"Bonnell, Mrs. Rose",female,17.97,0,1,568354,16.1885,,C
34,0,3,"Jackson, Mrs. Anna",female,26.23,1,2,PC 912643,26.1518,,S
35,0,3,"Braund, Mr. Arthur",male,0.17,1,0,479646,26.9386,,S
36,1,3,"McCarthy, Mr. William",male,31.21,2,0,815661,4.0536,,S
37,0,1,"White, Mrs. Margaret",female,33.49,0,0,923401,370.7179,,S
38,0,3,"Allen, Mrs. Florence",female,24.99,0,0,765777,5.5956,,Q
39,1,3,"Bonnell, Mr. Frederick",male,54.11,0,0,654936,65.0818,,S
40,1,3,"Bonnell, Miss. Rose",female,34.27,1,2,669689,61.9309,,C
41,0,2,"Williams, Mrs. Mary",female,13.0,0,0,334936,62.6023,,S
42,0,3,"Hewlett, Mr. Robert",male,4.0,0,0,214286,39.1055,F24,C
43,1,1,"White, Mrs. Edith",female,,1,0,C.A. 47032,125.6199,D70,S
44,1,2,"White, Mr. William",male,15.0,0,1,A/4 296830,37.0552,D14,C
45,0,2,"Brown, Miss. Emma",female,,1,1,A/5 981765,39.6545,D120,S
46,0,2,"Cumings, Miss. Edith",female,31.99,0,0,STON/O2. 173857,19.9144,,S
47,0,3,"McCarthy, Mr. Arthur",male,24.83,0,0,887854,7.0401,,C
48,0,3,"McCarthy, Mr. John",male,,0,0,342609,33.4486,,S
49,0,3,"Jones, Mr. George",male,44.41,0,0,638509,39.5003,D115,S
50,1,2,"Palsson, Mr. Robert",male,38.06,1,0,279720,25.1168,,C
51,0,3,"Carlsson, Mrs. Margaret",female,31.55,0,2,A/4 881432,10.3553,,S
52,1,1,"Miller, Mr. Robert",male,12.08,0,1,SC/Paris 855378,466.2731,F38,C
53,0,3,"Braund, Miss. Elizabeth",female,24.47,1,0,518965,17.2581,,C
54,1,3,"Johnstone, Mr. James",male,23.9,1,0,SC/Paris 850326,29.3125,,S
55,0,3,"Vestrom, Mr. George",male,34.04,1,0,582042,24.2375,D124,S
56,1,3,"Taylor, Miss. Margaret",female,56.81,1,0,897197,29.7102,E86,S
57,0,2,"Carlsson, Mrs. Alice",female,35.98,1,0,564159,49.155,G21,C
58,0,1,"Nasser, Miss. Mary",female,,8,0,816943,484.6705,,C
59,0,1,"Davis, Mr. Frederick",male,9.0,0,2,853208,500.574,,C
60,0,3,"Harris, Mrs. Elizabeth",female,8.0,1,0,993639,32.4205,,S
61,0,3,"Rice, Mr. William",male,43.07,0,0,484410,35.6352,,S
62,0,1,"Sandstrom, Mrs. Rose",female,6.36,1,0,627360,290.7848,D16,C
63,0,1,"Thomas, Mr. William",male,24.2,0,0,681546,157.0948,,S
64,0,2,"Garcia, Mr. John",male,38.64,0,0,735172,43.6139,,C
65,0,3,"Taylor, Mr. George",male,9.0,1,0,A/4 110779,20.3791,E15,C
66,1,1,"Porter, Miss. Alice",female,9.0,0,0,C.A. 453082,506.7149,,C
67,0,2,"Harris, Mr. John",male,34.24,0,0,478793,23.1186,,C
68,0,2,"Heikkinen, Mr. Henry",male,27.44,0,0,SC/Paris 909445,25.7804,,Q
69,0,3,"Heikkinen, Mr. Arthur",male,23.92,0,0,185054,21.1273,,S
70,1,3,"Andersson, Miss. Alice",female,24.72,0,0,W./C. 755981,56.1052,,S
71,0,2,"Skoog, Mr. Frederick",male,1.0,1,0,964544,22.0658,F42,S
72,0,3,"Lee, Mr. Henry",male,33.37,4,0,SC/Paris 156063,68.482,A63,S
73,1,1,"Wilson, Mr. Arthur",male,14.0,0,0,606751,415.905,,S
74,1,3,"Hewlett, Mr. Edward",male,,0,0,474656,55.6425,,S
75,1,3,"Porter, Miss. Edith",female,,1,2,25354,29.3578,,S
76,1,2,"Johnstone, Mrs. Edith",female,40.0,0,0,STON/O2. 65384,32.4535,,S
77,1,1,"Andersson, Mr. Robert",male,7.0,0,1,C.A. 848324,99.5144,,S
78,0,3,"Vestrom, Mrs. Lily",female,21.33,1,0,7464,30.5457,E73,C
79,0,3,"Hewlett, Mr. Albert",male,30.62,3,3,W./C. 580802,38.7058,F88,C
80,0,3,"Saundercock, Mr. William",male,45.88,1,0,A/5 371191,6.7291,,S
81,0,3,"Allen, Mr. Arthur",male,42.7,1,0,787492,3.6538,,S
82,0,3,"Futrelle, Miss. Anna",female,13.5,0,0,548353,19.5344,,S
83,0,3,"Johnstone, Miss. Lily",female,,2,0,668712,48.0782,,S
84,1,3,"Skoog, Mr. Charles",male,,1,0,SC/Paris 105127,11.4429,,C
85,0,3,"Jackson, Mr. James",male,,1,1,A/4 193376,10.9514,,Q
86,0,3,"Brown, Mr. Robert",male,27.09,0,0,C.A. 348526,30.4179,,S
87,0,2,"Williams, Mrs. Anna",female,39.19,0,1,20782,19.5904,,S
88,0,3,"Nasser, Mr. Edward",male,58.47,0,0,433941,50.1407,B136,S
89,1,2,"Allen, Mr. Charles",male,6.0,0,0,W./C. 612533,27.9102,,S
90,0,3,"Johnson, Mr. George",male,40.58,0,0,910638,8.713,,S
91,0,3,"Rice, Mr. Thomas",male,,0,0,33769,65.096,B98,S
92,0,3,"Carlsson, Miss. Margaret",female,26.19,0,2,25700,20.5736,,S
93,1,1,"Taylor, Mr. Henry",male,1.0,0,0,994931,406.6158,,S
94,0,2,"Porter, Mrs. Florence",female,12.0,8,0,C.A. 909063,26.6929,,S
95,0,3,"Sandstrom, Mr. Charles",male,,0,0,140392,54.1002,,S
96,0,1,"Skoog, Mrs. Margaret",female,37.24,1,0,732636,262.8642,,S
97,1,3,"Jones, Mr. Charles",male,9.0,0,0,687290,57.328,D104,S
98,0,3,"Williams, Mr. Albert",male,,1,1,801812,53.8859,,S
99,0,3,"Martin, Mr. Frederick",male,,0,0,581118,42.5854,,S
100,0,2,"White, Miss. Anna",female,33.25,1,0,357742,50.701,,S
101,0,2,"Futrelle, Mr. Robert",male,,0,1,574466,19.4885,E28,S
102,1,3,"Moran, Mr. Albert",male,,0,1,565174,11.4837,E77,C
103,0,2,"Skoog, Mr. Edward",male,,0,1,A/5 615966,34.1327,,S
104,0,3,"Williams, Mr. Thomas",male,39.33,0,0,111776,41.8346,E109,C
105,1,3,"Martin, Mr. Edward",male,11.0,0,0,A/5 114793,27.0367,,S
106,0,3,"Carlsson, Miss. Florence",female,34.11,0,2,STON/O2. 172616,34.636,,S
107,1,2,"Hewlett, Mr. Robert",male,25.76,0,1,534285,40.6862,,C
108,0,2,"Wilson, Mrs. Emma",female,20.56,0,0,379189,65.3299,,C
109,0,1,"Johnson, Mr. Frederick",male,23.19,0,0,635402,101.226,E94,S
110,0,3,"Porter, Mr. Frederick",male,,0,1,PC 523070,14.2368,D66,S
111,1,3,"Futrelle, Mrs. Emma",female,36.38,0,0,PC 375368,28.4823,,S
112,0,2,"Skoog, Mr. Frederick",male,8.09,0,0,PP 717438,40.8983,,S
113,1,1,"Taylor, Mr. Edward",male,20.42,4,1,STON/O2. 57633,149.7666,B87,C
114,0,3,"Hewlett, Mr. George",male,13.0,0,1,PC 699961,51.241,F69,S
115,0,2,"Sandstrom, Mr. George",male,16.79,0,0,PP 50768,25.5588,,S
116,1,3,"Porter, Mr. Frederick",male,45.18,0,0,974069,21.7661,,Q
117,0,3,"Jackson, Mr. Henry",male,,1,2,A/5 167405,65.7388,,S
118,0,2,"White, Mr. Henry",male,,8,0,298542,69.4285,C23,S
119,0,3,"Moore, Mrs. Emma",female,31.61,8,0,C.A. 386693,42.9974,,S
120,1,3,"Johnstone, Mrs. Elizabeth",female,7.0,1,0,C.A. 187493,7.2422,,S
121,0,3,"Johnstone, Mr. James",male,11.27,0,0,929864,62.0422,,Q
122,0,3,"Andersson, Mr. Thomas",male,56.05,0,1,768166,38.2025,,S
123,0,3,"Braund, Mr. William",male,29.93,0,0,PC 801562,47.3423,,S
124,0,3,"White, Mr. William",male,1.0,0,0,PC 496671,57.9681,,S
125,1,2,"Braund, Mr. John",male,2.0,1,0,875527,41.3467,,S
126,1,2,"Palsson, Mr. James",male,,0,0,99970,19.7551,,S
127,1,3,"Nasser, Miss. Margaret",female,28.78,0,2,A/5 193319,61.0667,C31,C
128,0,1,"Braund, Mr. James",male,46.93,8,0,677337,180.9452,,S
129,1,3,"Miller, Miss. Emma",female,13.0,0,0,218726,11.9481,,S
130,0,1,"Jones, Mr. James",male,52.81,0,0,598190,128.1172,,S
131,0,3,"Wilson, Mr. Edward",male,22.88,0,0,545344,42.689,,S
132,0,3,"Thomas, Mr. Edward",male,7.26,0,2,A/5 869117,5.5286,C149,S
133,0,3,"Jackson, Mrs. Anna",female,18.48,1,0,440257,21.5057,,S
134,1,2,"Cumings, Mr. Henry",male,,0,0,330801,46.1604,,S
135,1,2,"Williams, Mrs. Rose",female,46.1,0,0,A/5 183447,50.1565,A125,Q
136,1,3,"Hewlett, Mr. George",male,,0,0,381069,62.1291,E24,S
137,0,3,"Johnstone, Mr. Thomas",male,6.0,0,0,345407,67.8637,F130,S
138,0,3,"Brown, Miss. Florence",female,16.87,1,0,540767,45.2266,,S
139,1,3,"Porter, Mr. Thomas",male,28.16,1,0,661183,14.0873,B93,Q
140,0,3,"Moore, Mr. Robert",male,15.0,0,1,PP 807017,62.8331,,S
141,1,3,"Heikkinen, Miss. Emma",female,,0,0,814051,37.3142,,S
142,1,3,"Martin, Mr. Robert",male,32.79,0,1,266864,13.5706,,S
143,0,3,"McCarthy, Mr. Edward",male,,0,0,686328,63.8731,,Q
144,1,3,"Moore, Miss. Emma",female,37.05,0,1,52567,53.1142,,S
145,1,2,"Vestrom, Miss. Alice",female,40.61,0,0,413601,48.9709,,S
146,0,1,"Moore, Mr. Arthur",male,,1,2,STON/O2. 200316,435.3062,,S
147,0,2,"Davis, Mr. Arthur",male,4.0,0,1,608132,15.405,,S
148,0,2,"Palsson, Mr. Arthur",male,,0,0,582484,15.7289,,S
149,0,1,"Johnstone, Mr. George",male,18.88,0,0,A/4 473617,367.7941,,Q
150,1,2,"Johnson, Mrs. Margaret",female,12.91,0,0,986188,53.4246,D63,S
151,1,2,"Anderson, Miss. Anna",female,35.57,0,2,395768,18.0075,,C
152,0,3,"Rice, Mr. John",male,19.19,0,0,250264,54.7211,G86,S
153,1,1,"Thomas, Mr. Albert",male,37.59,1,0,752747,69.9436,,S
154,0,3,"Bonnell, Miss. Florence",female,34.65,0,0,W./C. 579963,33.1886,,S
155,0,1,"Heikkinen, Mr. Arthur",male,38.66,2,0,464406,151.6588,,S
156,1,1,"Carlsson, Mr. Robert",male,32.53,1,1,A/4 195824,189.8853,,S
157,1,3,"Harris, Mr. William",male,34.99,0,1,754818,46.3878,E135,C
158,0,2,"Sandstrom, Mr. George",male,18.69,4,0,739276,10.5774,,S
159,0,2,"Heikkinen, Mr. James",male,,0,0,A/4 839489,22.6881,G25,C
160,1,3,"Porter, Miss. Anna",female,,0,0,PP 800448,24.1221,,C
161,0,1,"Bradley, Mr. Arthur",male,42.03,0,2,A/5 139925,220.8716,F147,S
162,0,3,"Carlsson, Mrs. Margaret",female,27.41,0,0,W./C. 122169,21.392,,S
163,1,1,"Cumings, Miss. Mary",female,17.62,0,2,C.A. 651370,401.6003,,C
164,0,3,"Williams, Miss. Alice",female,,1,0,536337,33.324,,Q
165,0,3,"Allen, Mr. Frederick",male,,3,0,687059,63.0027,D15,C
166,0,2,"Braund, Mr. Thomas",male,47.0,0,1,STON/O2. 169112,65.5336,E112,S
167,0,1,"Braund, Mrs. Emma",female,51.55,0,0,58986,207.4496,,S
168,0,2,"Johnson, Miss. Emma",female,14.27,1,0,357918,55.381,F46,S
169,0,1,"Williams, Mrs. Emma",female,,3,1,SC/Paris 742063,414.0484,B133,Q
170,0,1,"Johnson, Mrs. Anna",female,35.56,2,0,C.A. 320348,369.713,,S
171,0,3,"Vestrom, Mrs. Anna",female,0.17,0,0,PC 469013,40.7349,A138,S
172,0,3,"Cumings, Mr. Robert",male,36.06,0,0,STON/O2. 712567,27.324,,S
173,1,2,"Rice, Miss. Rose",female,21.37,0,1,843549,67.2093,E111,C
174,1,3,"Saundercock, Mr. George",male,,2,2,16896,20.3574,A148,S
175,0,3,"Futrelle, Mr. Frederick",male,,0,0,740791,48.9249,,Q
176,1,3,"Moore, Mrs. Lily",female,32.33,1,0,729263,6.1011,,Q
177,0,3,"Harris, Miss. Florence",female,47.79,0,0,STON/O2. 210755,58.4812,G43,Q
178,0,3,"Martin, Mr. William",male,3.69,1,0,PC 300155,32.8552,G35,S
179,0,2,"Palsson, Mr. Albert",male,30.38,1,0,438480,17.7163,,S
180,0,2,"Carlsson, Mr. William",male,34.3,0,0,216705,43.6443,,S
181,1,3,"Wilson, Mrs. Alice",female,,0,0,701614,47.8483,C68,S
182,0,1,"Nasser, Mr. Arthur",male,12.0,0,0,53344,110.8063,,S
183,1,1,"Davis, Mr. Charles",male,20.15,0,0,907814,210.0498,,S
184,1,1,"Saundercock, Miss. Emma",female,34.92,0,0,459819,435.7684,,S
185,0,2,"Wilson, Miss. Anna",female,35.14,0,0,A/5 445874,27.523,F96,S
186,0,2,"Garcia, Mrs. Alice",female,15.0,0,0,PC 783955,30.4439,,S
187,0,2,"Garcia, Miss. Florence",female,15.0,1,0,26739,69.5427,,S
188,0,2,"Rice, Mrs. Emma",female,14.57,1,0,W./C. 16116,27.808,,S
189,0,1,"Bonnell, Mr. George",male,45.0,0,2,PC 36709,473.0192,,
190,1,3,"Brown, Mr. John",male,17.6,1,0,683265,30.3881,E26,C
191,1,3,"Bradley, Mr. John",male,38.29,0,2,230167,18.5705,G113,S
192,0,1,"Moore, Mr. George",male,41.9,0,0,870953,385.8876,,S
193,1,3,"Jackson, Mr. Albert",male,33.17,0,0,220222,57.6172,,S
194,0,3,"Futrelle, Mr. Arthur",male,2.0,0,0,966398,18.4099,E113,S
195,0,1,"Bonnell, Mr. Charles",male,0.17,0,0,793879,107.0586,,S
196,0,1,"Williams, Mrs. Rose",female,8.0,0,0,294459,413.5464,,S
197,1,1,"Williams, Mr. Robert",male,36.45,0,3,SC/Paris 661354,375.9741,,Q
198,1,2,"Moore, Mr. James",male,21.85,0,0,783119,69.5839,,S
199,1,3,"Jackson, Mr. William",male,9.4,0,0,STON/O2. 295499,19.5889,,C
200,0,3,"Harris, Mr. William",male,26.89,0,2,373050,10.6578,,S
201,0,1,"Saundercock, Mr. George",male,15.1,0,0,117220,190.0138,,C
202,0,1,"White, Mr. Thomas",male,30.2,1,0,789428,34.7874,,S
203,0,1,"Sandstrom, Mr. John",male,18.88,1,2,A/4 4089,220.5603,F58,S
204,0,1,"Johnson, Mr. Frederick",male,34.18,0,2,308322,293.2402,,S
205,1,2,"Bradley, Mr. Henry",male,15.67,0,0,PC 606556,23.8007,,S
206,0,3,"Nasser, Mr. Charles",male,,1,0,202798,67.2345,F61,S
207,1,2,"Moran, Mr. Arthur",male,32.83,0,0,770042,48.9222,,S
208,0,3,"Williams, Mr. Charles",male,36.44,1,0,90242,21.0721,E122,S
209,0,3,"Lee, Miss. Elizabeth",female,6.03,0,0,SC/Paris 154956,6.1841,F24,S
210,0,3,"Brown, Mr. Thomas",male,50.26,0,1,STON/O2. 583074,49.6816,,S
211,0,1,"Palsson, Mrs. Edith",female,27.41,0,0,A/5 836726,102.1138,,Q
212,0,1,"Martin, Mrs. Emma",female,23.16,0,0,931169,499.7334,,S
213,0,1,"Garcia, Mr. George",male,12.18,5,0,A/5 879260,435.4736,,C
214,0,3,"Futrelle, Mr. George",male,4.0,4,0,299254,5.542,,S
215,0,3,"Thomas, Mrs. Edith",female,33.07,0,2,416685,60.4979,,S
216,0,1,"Harris, Mr. Henry",male,26.66,0,0,917295,73.3251,,S
217,1,3,"Martin, Mr. Henry",male,8.0,0,0,749810,11.8389,,S
218,0,3,"Johnson, Mr. Charles",male,34.85,0,0,A/5 559697,15.0065,F104,S
219,1,3,"Nasser, Miss. Lily",female,31.13,0,0,PC 402954,66.3974,,S
220,0,3,"Johnson, Mr. Frederick",male,,0,0,811486,48.9026,,C
221,0,3,"Williams, Mr. Albert",male,48.05,0,1,A/5 1363,55.9898,A129,S
222,0,1,"Smith, Mr. William",male,45.17,0,0,397456,293.0142,A68,S
223,0,3,"Sandstrom, Mr. James",male,0.17,1,2,C.A. 265080,25.5285,,C
224,0,1,"Wilson, Miss. Rose",female,15.87,3,0,176037,343.2259,,S
225,1,2,"Nasser, Mr. George",male,,0,0,C.A. 414440,38.87,,S
226,0,3,"Lee, Mr. George",male,40.18,0,1,126865,39.6448,,S
227,0,3,"Porter, Mrs. Elizabeth",female,35.15,0,2,425041,44.8813,,S
228,0,1,"McCarthy, Mr. William",male,,0,2,A/5 696416,120.7422,,S
229,0,1,"Jones, Mr. Albert",male,,5,1,W./C. 396460,427.8578,,S
230,0,1,"Hewlett, Miss. Rose",female,21.12,0,0,331763,299.4505,,S
231,0,3,"Miller, Mrs. Alice",female,31.73,2,0,STON/O2. 706377,66.7503,,C
232,1,1,"Harris, Mrs. Edith",female,4.0,1,0,71268,372.8132,,S
233,0,2,"Palsson, Mr. Edward",male,29.14,0,1,PC 381350,39.9916,,S
234,0,2,"Palsson, Mr. Edward",male,11.41,0,0,171635,72.4762,,S
235,0,1,"Taylor, Miss. Alice",female,18.81,1,0,396783,447.7135,,C
236,1,2,"White, Mr. William",male,24.34,2,0,601699,23.2633,,C
237,1,3,"Jackson, Mr. Albert",male,35.44,0,0,199153,32.0311,B126,S
238,1,3,"Moore, Mr. Thomas",male,15.0,1,0,C.A. 665687,30.6725,A116,S
239,0,2,"Taylor, Mr. Robert",male,14.39,0,0,24004,35.8023,,C
240,1,1,"Moore, Mrs. Emma",female,11.0,1,0,404708,215.2653,,S
241,0,1,"Miller, Mr. Frederick",male,25.66,0,0,PC 932253,488.5274,C71,S
242,0,1,"Johnson, Mr. Robert",male,4.0,0,2,STON/O2. 796477,181.3843,,S
243,0,2,"Sandstrom, Mr. James",male,37.5,0,0,338201,68.1001,,S
244,0,1,"Cumings, Mr. Thomas",male,14.0,0,0,405499,454.2878,,S
245,1,1,"Johnstone, Mr. Thomas",male,28.91,0,0,PP 750702,196.1907,F26,C
246,0,3,"Nasser, Mr. John",male,31.19,0,0,374145,35.3368,G145,S
247,0,3,"Cumings, Mr. Arthur",male,,0,2,A/5 395485,24.0527,C87,S
248,1,3,"Skoog, Mr. Robert",male,,0,2,A/4 341053,12.7908,C105,Q
249,0,3,"Miller, Mrs. Lily",female,21.3,0,2,541022,17.504,,S
250,0,3,"Porter, Miss. Emma",female,47.83,1,1,434541,10.4111,,S
251,0,2,"Johnstone, Mrs. Mary",female,31.58,1,0,795865,21.114,,S
252,0,3,"Garcia, Mrs. Florence",female,,0,0,629274,46.7776,,C
253,0,1,"Hewlett, Mr. Robert",male,46.8,0,0,212655,211.8286,,Q
254,0,1,"Lee, Mrs. Florence",female,52.98,1,0,672813,241.3599,,S
255,1,1,"Johnson, Mrs. Emma",female,17.4,0,0,PC 162149,208.8286,,C
256,1,3,"Thomas, Mr. Arthur",male,31.94,1,0,190216,61.4181,,S
257,1,3,"Nasser, Mr. Frederick",male,38.91,0,1,811935,60.0052,,S
258,1,2,"Brown, Mrs. Margaret",female,40.98,0,0,STON/O2. 132827,33.2481,,S
259,0,3,"Williams, Mr. James",male,10.0,0,1,SC/Paris 318231,41.874,,C
260,0,3,"Garcia, Mr. Thomas",male,2.0,3,2,973361,67.4331,G57,S
261,1,3,"Jones, Mr. John",male,,1,0,827547,38.3659,,S
262,0,3,"Skoog, Mr. William",male,31.81,0,0,965329,62.7986,G56,S
263,0,1,"Rice, Mr. James",male,,0,0,300850,160.8761,,S
264,1,3,"Martin, Mr. Robert",male,,4,2,C.A. 891936,16.0139,,S
265,1,2,"Skoog, Mr. Albert",male,32.26,1,1,772965,35.6181,,S
266,0,1,"Porter, Mrs. Anna",female,,0,1,350982,306.5127,A56,S
267,0,1,"McCarthy, Mrs. Edith",female,,0,0,669903,340.7919,E120,S
268,0,3,"White, Mr. Frederick",male,36.26,0,2,PP 679145,68.2312,,S
269,0,3,"Williams, Mr. Charles",male,24.56,0,0,352136,28.9698,,Q
270,1,1,"Harris, Mr. William",male,54.15,0,1,58939,273.6213,,S
271,0,3,"White, Mrs. Mary",female,,0,0,948057,55.9767,,S
272,0,3,"Cumings, Mrs. Rose",female,25.77,1,0,955769,43.0869,,S
273,0,2,"Moran, Mr. William",male,22.12,2,0,445503,48.5343,,S
274,0,3,"Nasser, Miss. Edith",female,,0,1,PC 182789,35.9113,,S
275,1,1,"Smith, Mr. James",male,48.7,0,5,556913,488.0619,D111,C
276,0,2,"Brown, Mr. Thomas",male,17.96,1,0,435352,69.0754,E68,S
277,1,3,"Moore, Mr. Henry",male,29.25,0,1,W./C. 446625,36.225,,S
278,0,3,"Hewlett, Mrs. Emma",female,43.4,0,1,112776,23.4916,,S
279,1,2,"McCarthy, Mr. Frederick",male,39.78,0,2,PC 783119,25.4171,,S
280,1,3,"Jackson, Mr. Robert",male,38.08,0,0,159761,46.9503,,S
281,0,3,"Anderson, Mrs. Elizabeth",female,12.0,0,0,PC 358092,30.2396,,C
282,0,2,"Garcia, Mr. Henry",male,10.0,0,1,206753,66.3904,,S
283,0,1,"Jackson, Mrs. Margaret",female,11.0,0,0,STON/O2. 774429,144.1585,,S
284,1,1,"Vestrom, Mr. Edward",male,23.52,0,1,781427,387.9489,,S
285,0,1,"Andersson, Mrs. Edith",female,41.38,0,4,PP 310044,107.763,,C
286,0,3,"Sandstrom, Mr. Robert",male,46.24,0,0,162297,38.2041,,C
287,0,2,"Braund, Mrs. Emma",female,,0,2,PP 50156,36.6716,,C
288,1,2,"Porter, Miss. Lily",female,29.48,0,2,684189,10.5865,C73,S
289,0,3,"Futrelle, Mrs. Rose",female,13.23,1,0,60164,11.225,,S
290,1,3,"Taylor, Mr. Charles",male,26.68,1,0,724559,46.3986,,S
291,1,3,"Sandstrom, Mr. James",male,31.64,0,0,403681,22.0559,,S
292,0,2,"Garcia, Mr. Edward",male,41.9,0,0,STON/O2. 978793,31.3289,,S
293,0,3,"Braund, Miss. Alice",female,10.0,0,0,267907,11.8143,G87,S
294,0,2,"Garcia, Mr. Robert",male,24.24,1,0,310732,48.6297,,S
295,0,3,"Heikkinen, Mr. Henry",male,30.39,1,0,PC 538857,60.3117,,S
296,0,3,"Porter, Mr. Robert",male,33.61,0,0,203630,18.8014,,S
297,1,1,"Braund, Mr. Arthur",male,,0,0,PP 970815,315.7817,,S
298,1,3,"Miller, Mr. James",male,15.81,1,0,254078,43.3614,F37,S
299,0,3,"Smith, Miss. Lily",female,25.56,1,0,156976,67.0943,,S
300,1,3,"Davis, Mr. Edward",male,1.0,0,1,856012,27.9712,,S
301,0,1,"Johnson, Miss. Lily",female,26.96,0,0,262578,44.2389,,S
302,0,2,"Jones, Miss. Elizabeth",female,28.83,0,0,A/4 921396,27.9243,,S
303,0,2,"Bonnell, Mr. George",male,,0,0,228693,12.9649,B127,C
304,0,1,"Harris, Mr. Charles",male,,1,0,579921,496.6517,,S
305,0,3,"Jackson, Mr. Arthur",male,11.0,0,2,330478,38.8032,,S
306,0,3,"Saundercock, Mr. William",male,16.11,0,0,STON/O2. 554375,22.3561,,C
307,1,3,"Sandstrom, Miss. Lily",female,36.0,0,0,889559,11.3777,,C
308,0,1,"Anderson, Mr. Albert",male,23.99,0,0,847533,353.3744,,Q
309,1,3,"McCarthy, Mr. George",male,24.03,0,0,875506,45.7381,,S
310,1,3,"Moore, Mr. Charles",male,,0,0,A/5 503716,27.993,E89,S
311,0,3,"Heikkinen, Mr. Edward",male,10.0,1,0,351036,65.7867,,S
312,0,2,"Futrelle, Miss. Lily",female,14.02,0,0,40148,30.2018,,C
313,0,3,"Jones, Mr. Robert",male,25.03,0,0,436686,23.3939,,S
314,0,3,"Anderson, Mr. James",male,,4,0,972414,63.8301,F95,S
315,1,3,"Smith, Mrs. Florence",female,,0,0,W./C. 296901,24.5213,,S
316,0,3,"Skoog, Mr. Arthur",male,,0,0,STON/O2. 914475,20.0226,,C
317,0,3,"Jones, Mr. James",male,8.0,1,2,SC/Paris 949894,38.4914,,S
318,1,3,"Futrelle, Mr. Edward",male,13.0,0,0,33152,57.459,,S
319,1,3,"Davis, Mrs. Rose",female,10.0,0,0,227905,10.2561,D55,S
320,0,3,"Skoog, Miss. Anna",female,9.0,0,0,C.A. 985047,65.2679,,S
321,0,3,"Saundercock, Mrs. Elizabeth",female,48.99,1,0,142835,55.5773,,S
322,0,3,"Martin, Mrs. Elizabeth",female,,0,2,151259,15.3719,,C
323,0,3,"Johnson, Mr. Charles",male,37.4,0,0,946463,50.1365,,S
324,0,1,"Jones, Mr. Albert",male,,1,1,683465,45.1569,,C
325,0,1,"McCarthy, Mr. John",male,30.54,0,0,PP 871220,386.276,E55,S
326,1,3,"Rice, Mrs. Alice",female,3.0,1,0,346452,54.8055,E34,Q
327,1,1,"Futrelle, Mr. Thomas",male,33.08,0,0,A/5 527925,496.3822,,S
328,0,2,"Anderson, Mrs. Elizabeth",female,,0,1,763277,30.2049,,S
329,0,3,"Saundercock, Mr. Henry",male,24.49,1,0,607752,31.0513,,S
330,1,2,"Wilson, Mrs. Margaret",female,32.35,0,0,114768,50.4195,,S
331,1,2,"Hewlett, Mr. Charles",male,18.03,1,1,STON/O2. 878311,11.4763,,S
332,0,1,"Lee, Mr. John",male,50.4,0,0,W./C. 965266,145.875,,Q
333,0,3,"Brown, Mr. Charles",male,,0,0,C.A. 89741,6.9236,,S
334,1,2,"Moore, Mrs. Rose",female,33.19,0,1,861380,28.9917,,S
335,1,3,"Carlsson, Miss. Margaret",female,,0,0,218394,32.072,E88,S
336,0,3,"Porter, Mr. Albert",male,,1,0,894941,16.259,,S
337,0,3,"Porter, Mr. George",male,37.8,0,0,W./C. 856953,56.9502,,S
338,0,2,"Braund, Mr. Henry",male,31.9,0,0,816907,45.9297,,S
339,0,2,"Harris, Mr. John",male,21.68,0,0,W./C. 20403,13.3753,,S
340,1,3,"Bradley, Mr. Henry",male,30.68,0,0,906316,23.0485,,C
341,1,2,"Martin, Mrs. Lily",female,,0,0,640548,49.2206,,S
342,0,3,"Miller, Mr. George",male,31.97,0,0,SC/Paris 630674,22.374,E18,S
343,0,2,"Heikkinen, Mr. Charles",male,13.0,0,0,PP 94246,41.7564,,Q
344,0,2,"Wilson, Mr. William",male,,0,0,PC 271561,44.3275,B11,S
345,1,2,"Johnstone, Mr. James",male,24.72,8,0,STON/O2. 861931,27.861,,Q
346,0,3,"Andersson, Mr. Edward",male,15.26,0,0,188646,9.7073,,S
347,0,1,"Jones, Mrs. Florence",female,11.0,0,0,784566,240.1331,,S
348,1,3,"Cumings, Mr. Thomas",male,16.64,0,0,466483,13.5178,,C
349,1,3,"Miller, Mrs. Anna",female,27.31,1,1,780105,8.0188,,S
350,1,3,"Johnson, Mr. William",male,,0,1,221326,68.7251,,S
351,0,2,"Porter, Mrs. Alice",female,50.74,0,0,PC 320248,41.0452,,S
352,1,3,"Anderson, Mrs. Alice",female,14.82,3,0,81730,13.2771,,S
353,0,3,"Sandstrom, Mr. Albert",male,12.04,0,0,A/4 291477,19.2853,,S
354,1,3,"Jones, Mr. James",male,14.58,0,0,A/4 566158,64.8162,,S
355,1,3,"Andersson, Mrs. Elizabeth",female,60.79,0,1,334245,37.5705,,Q
356,0,3,"Futrelle, Mr. William",male,4.0,0,0,PC 624765,27.3956,,S
357,0,3,"Garcia, Mrs. Lily",female,0.17,0,0,375842,60.7071,,S
358,1,1,"Garcia, Mr. Edward",male,42.26,0,0,281790,483.1754,,C
359,1,1,"Nasser, Mr. Frederick",male,,0,5,300479,49.2217,C138,C
360,0,2,"Lee, Mr. John",male,34.44,0,0,134501,27.3064,B130,S
361,0,3,"Lee, Mr. Robert",male,32.92,2,1,370566,28.2457,F62,Q
362,1,3,"Martin, Mr. William",male,20.54,0,0,STON/O2. 724503,24.2428,F66,C
363,0,2,"Lee, Mr. James",male,26.69,1,1,627614,67.5648,,S
364,0,1,"Miller, Mr. Arthur",male,47.95,3,0,A/4 949603,232.45,,S
365,0,3,"Hewlett, Mrs. Alice",female,3.06,0,2,97952,41.3066,,S
366,0,3,"Heikkinen, Miss. Elizabeth",female,41.61,3,0,C.A. 466806,7.8159,E96,C
367,0,3,"Rice, Mr. George",male,25.98,0,0,672183,16.0294,,C
368,0,1,"White, Mr. Charles",male,,0,0,278483,271.4862,B120,S
369,0,2,"Lee, Miss. Elizabeth",female,29.43,0,0,394922,43.1755,,Q
370,0,1,"Carlsson, Mrs. Margaret",female,29.27,1,0,A/5 925501,252.1249,,Q
371,1,3,"Moran, Mr. John",male,60.79,4,0,A/4 976601,46.9969,,S
372,1,3,"Braund, Mrs. Margaret",female,24.92,0,0,646936,20.2082,,C
373,1,3,"Vestrom, Mrs. Rose",female,36.46,0,0,612796,11.8207,,S
374,0,3,"Bonnell, Mrs. Elizabeth",female,30.68,1,0,275270,7.3341,,C
375,0,3,"Moran, Mr. Arthur",male,41.38,0,0,A/4 41633,23.5046,,S
376,0,1,"Vestrom, Mr. Frederick",male,,0,0,C.A. 308124,398.6886,,S
377,0,3,"Taylor, Mrs. Anna",female,65.66,0,0,830590,14.8977,C60,S
378,0,3,"Braund, Miss. Lily",female,21.38,1,0,W./C. 705676,53.3297,,S
379,0,3,"Braund, Mr. Robert",male,36.24,0,2,278648,4.5374,,S
380,0,3,"Harris, Mr. Frederick",male,41.81,1,0,824628,40.0366,,S
381,0,2,"Allen, Mr. Charles",male,35.88,3,0,PC 320532,54.2806,,Q
382,0,3,"Brown, Mr. George",male,23.41,1,0,709669,36.679,,S
383,1,3,"Brown, Miss. Lily",female,45.07,1,0,211387,40.3654,D35,S
384,0,1,"Allen, Mr. Robert",male,16.05,1,0,C.A. 820564,299.2024,,Q
385,1,3,"Bradley, Mr. Albert",male,31.37,0,0,94944,22.8296,,S
386,0,1,"Anderson, Miss. Edith",female,41.93,3,0,902699,81.7646,,S
387,0,1,"McCarthy, Mr. William",male,22.2,0,0,998057,87.3029,,S
388,1,2,"Lee, Mr. Edward",male,9.0,0,0,374513,23.5604,F79,Q
389,1,3,"Miller, Mr. Arthur",male,8.0,0,2,555280,9.894,,Q
390,1,3,"White, Mr. William",male,50.72,0,1,116140,62.3056,,Q
391,0,3,"Bonnell, Mrs. Anna",female,,0,0,473585,26.4182,,S
392,1,3,"Saundercock, Mr. Arthur",male,44.39,0,1,A/5 297379,39.6113,,Q
393,1,3,"Jackson, Mr. Charles",male,,0,1,A/5 287100,27.0501,,S
394,1,3,"Rice, Mr. Thomas",male,,0,0,373454,11.7401,,S
395,0,3,"Vestrom, Mrs. Elizabeth",female,4.0,0,2,PC 238268,42.1012,,S
396,0,3,"Williams, Mr. Charles",male,,0,0,788600,37.8967,F101,S
397,1,3,"Williams, Mr. Robert",male,18.95,1,0,STON/O2. 671392,16.7961,,S
398,0,1,"Johnstone, Mr. Albert",male,10.35,0,0,438043,294.1204,,S
399,1,3,"Andersson, Miss. Emma",female,11.05,0,0,PC 555661,55.7001,,S
400,0,2,"Johnson, Mr. Henry",male,,0,1,928890,53.7134,,S
401,0,3,"Davis, Mr. Arthur",male,0.17,0,0,C.A. 66184,9.8481,,S
402,0,1,"Williams, Mrs. Rose",female,28.51,0,0,563167,181.6652,,C
403,0,3,"Moore, Miss. Emma",female,,0,3,A/4 957636,49.5294,G85,S
404,0,3,"Anderson, Miss. Anna",female,,1,1,C.A. 496395,55.4221,,S
405,0,2,"Williams, Mr. Albert",male,,0,1,209137,39.6595,,S
406,1,3,"Rice, Mrs. Lily",female,,1,2,748320,13.4991,,C
407,0,1,"Cumings, Mrs. Lily",female,6.0,4,0,A/4 529313,45.966,,S
408,0,3,"Anderson, Mr. John",male,36.26,0,1,255043,47.8659,,Q
409,0,3,"Nasser, Mr. James",male,54.06,0,0,PP 621343,5.1,F97,C
410,1,2,"Jones, Mrs. Rose",female,35.32,1,5,PP 921947,41.2666,,C
411,0,2,"Hewlett, Mr. Charles",male,60.67,0,0,558749,44.3011,G56,S
412,0,1,"Johnson, Mr. William",male,38.88,1,0,A/4 111084,156.2709,,S
413,0,3,"Jackson, Miss. Alice",female,21.68,0,0,474006,17.6569,,C
414,0,3,"Cumings, Mr. William",male,53.66,0,0,858692,42.2021,B102,S
415,0,3,"Anderson, Mrs. Rose",female,14.22,1,0,C.A. 74568,63.315,B49,S
416,0,1,"Carlsson, Mr. Thomas",male,40.31,1,0,W./C. 149866,60.2873,,S
417,0,1,"Nasser, Mr. Edward",male,28.03,0,0,C.A. 762058,479.94,,Q
418,0,2,"Futrelle, Mr. Thomas",male,35.46,0,1,962858,54.3831,,S
419,1,1,"Garcia, Mr. George",male,11.0,0,0,A/5 382164,345.7637,B137,S
420,1,2,"Braund, Mr. James",male,15.91,0,1,15390,44.0585,D123,C
421,1,1,"Moran, Mr. Charles",male,8.0,0,0,552595,340.6946,F102,C
422,0,3,"Andersson, Mrs. Edith",female,14.27,1,0,252063,59.8205,,C
423,0,1,"Williams, Mr. Arthur",male,15.73,0,0,W./C. 547774,372.9836,,S
424,1,3,"White, Mr. Edward",male,31.61,0,0,714076,67.7574,A70,S
425,0,1,"Williams, Mr. George",male,23.15,1,0,737854,277.3261,F143,Q
426,0,3,"Moore, Mr. Henry",male,28.94,0,1,C.A. 929252,55.4767,,C
427,0,3,"Thomas, Mr. Edward",male,17.82,1,0,C.A. 548026,9.1068,D23,C
428,0,3,"Bonnell, Mr. Robert",male,12.0,1,1,A/5 487517,15.5165,,S
429,1,3,"Brown, Mr. Albert",male,43.22,0,0,228369,53.1754,,S
430,0,3,"McCarthy, Miss. Florence",female,29.74,0,0,PP 494896,4.9401,,S
431,1,3,"Jones, Miss. Edith",female,,0,0,274326,57.0055,,S
432,0,1,"Moore, Mr. Charles",male,2.0,0,0,456229,30.8828,,S
433,0,2,"Porter, Mr. Thomas",male,,0,0,A/5 27128,14.958,,S
434,1,1,"Andersson, Mrs. Elizabeth",female,27.13,0,0,678236,264.7866,E64,Q
435,0,3,"Harris, Mr. Henry",male,17.3,0,0,W./C. 615342,43.5529,,S
436,0,3,"Braund, Mr. Thomas",male,27.7,1,0,549387,49.0901,,S
437,0,3,"Davis, Mr. Albert",male,20.62,0,2,184683,25.9321,,S
438,1,1,"Braund, Miss. Mary",female,26.35,1,0,W./C. 197292,373.3423,,S
439,1,1,"Braund, Miss. Rose",female,31.58,0,0,179371,319.4433,E141,S
440,0,3,"Allen, Mr. John",male,20.32,4,0,PC 904112,42.0753,,C
441,0,2,"Williams, Mr. William",male,32.59,0,0,627701,45.3525,,C
442,1,2,"McCarthy, Miss. Margaret",female,10.0,0,0,977809,53.3085,,S
443,0,3,"Sandstrom, Mr. George",male,23.02,0,0,W./C. 59123,36.8877,G126,S
444,0,3,"Harris, Mr. Thomas",male,,0,0,169733,31.1702,,S
445,1,3,"Taylor, Miss. Emma",female,,0,0,STON/O2. 225866,29.5747,,S
446,1,3,"Sandstrom, Mrs. Rose",female,,0,0,939624,5.2323,,S
447,0,1,"Jackson, Miss. Emma",female,,2,0,716003,133.7848,,S
448,0,2,"Allen, Miss. Margaret",female,34.38,1,0,699267,50.9414,,S
449,1,3,"Williams, Mr. Henry",male,59.15,0,0,297956,60.7179,,S
450,0,2,"Johnson, Mr. Charles",male,28.95,1,1,61186,61.0463,G143,S
451,0,3,"Smith, Mr. Frederick",male,17.88,3,0,706611,42.0006,,C
452,1,3,"Vestrom, Mrs. Emma",female,35.66,0,1,A/5 20156,58.9979,,Q
453,0,2,"Braund, Mr. Arthur",male,41.1,0,0,466536,13.8813,,C
454,0,1,"Smith, Mr. Thomas",male,43.47,0,0,232226,418.5062,E70,S
455,0,3,"Braund, Mr. Edward",male,,0,0,767054,8.3804,,C
456,1,3,"Thomas, Mr. George",male,28.28,0,0,882809,36.9307,,S
457,0,3,"Jackson, Mr. Arthur",male,,1,0,SC/Paris 66439,66.9983,,S
458,1,3,"White, Mr. George",male,20.78,4,0,646649,48.9052,,C
459,0,2,"Bonnell, Mr. Arthur",male,37.33,1,0,PC 883608,53.5088,A137,S
460,0,2,"Cumings, Mr. Arthur",male,7.7,0,0,257427,46.0617,,S
461,0,3,"Johnson, Mr. George",male,43.76,0,0,199110,54.0217,,S
462,0,1,"Porter, Mr. William",male,18.15,0,0,A/5 934702,414.3539,,C
463,1,3,"Skoog, Mr. Frederick",male,12.0,1,5,279011,43.959,,S
464,0,1,"Bradley, Miss. Florence",female,22.81,0,1,826854,139.1903,G103,S
465,0,3,"Harris, Mrs. Edith",female,9.0,0,0,646832,5.3561,A43,S
466,1,3,"Vestrom, Mr. William",male,40.97,0,0,780518,57.7687,,S
467,1,2,"Sandstrom, Mr. James",male,,1,2,251449,47.6183,,Q
468,1,1,"Jones, Mr. William",male,9.0,1,0,651971,101.6666,,C
469,0,3,"Taylor, Mrs. Margaret",female,5.0,0,0,A/5 203918,49.9183,,S
470,0,3,"Vestrom, Miss. Edith",female,11.43,2,0,W./C. 343424,17.573,C17,C
471,0,3,"Jones, Mr. William",male,58.58,0,0,A/4 924882,6.1416,,S
472,1,3,"Moran, Mr. James",male,31.26,1,0,733318,16.6744,,Q
473,0,1,"Saundercock, Mr. Thomas",male,18.3,0,0,623995,58.3967,,S
474,1,2,"Garcia, Mr. Arthur",male,44.85,4,1,905502,29.1999,,S
475,1,1,"Carlsson, Miss. Florence",female,,0,0,246847,38.0612,C105,Q
476,1,3,"Harris, Mr. Henry",male,54.95,1,0,977006,36.8093,,S
477,1,2,"Harris, Mr. William",male,33.8,0,0,228467,54.9895,D87,C
478,0,3,"McCarthy, Mr. Henry",male,,2,0,PP 957011,21.2292,,Q
479,0,1,"Heikkinen, Miss. Florence",female,,0,0,616781,295.5456,,S
480,1,1,"Johnson, Mr. Albert",male,6.0,3,2,STON/O2. 713550,464.1928,D60,S
481,0,1,"Andersson, Mr. Henry",male,40.33,0,0,570929,476.1298,,C
482,0,1,"Brown, Mrs. Elizabeth",female,17.09,0,0,669779,30.4217,,S
483,0,3,"Johnson, Mr. Edward",male,37.82,1,0,W./C. 628907,60.2846,,Q
484,0,3,"Hewlett, Mrs. Margaret",female,,0,0,98064,52.4117,,S
485,0,3,"Hewlett, Mr. Charles",male,,0,0,A/5 631011,59.6836,,S
486,0,3,"Braund, Mr. Frederick",male,14.0,1,0,830414,35.9214,,S
487,0,3,"Miller, Mrs. Elizabeth",female,53.44,0,1,A/5 558765,12.076,,S
488,0,2,"Jackson, Mr. Robert",male,19.98,0,0,685076,28.0321,,S
489,1,3,"Moore, Mr. Thomas",male,31.88,0,0,A/5 140133,16.9978,,S
490,0,3,"Williams, Mr. Henry",male,25.46,0,0,766710,32.4005,,S
491,0,3,"Johnstone, Mr. John",male,39.63,0,0,271001,7.7576,,S
492,1,2,"Hewlett, Mr. John",male,37.51,2,0,424327,11.452,,S
493,1,1,"Nasser, Miss. Edith",female,,8,0,615229,266.4854,,S
494,0,3,"Miller, Mr. Frederick",male,,0,1,W./C. 670250,62.6529,,S
495,1,2,"Thomas, Mr. John",male,44.03,2,0,651332,24.3346,E72,Q
496,0,3,"Harris, Miss. Edith",female,13.01,0,0,506350,33.9302,E67,S
497,1,2,"Wilson, Miss. Elizabeth",female,,0,0,29481,18.0267,E84,S
498,0,3,"Brown, Mr. Charles",male,5.0,0,1,762062,44.0737,,C
499,1,1,"Moran, Mr. George",male,41.73,0,0,A/5 628763,188.3749,C85,S
500,0,3,"Saundercock, Mrs. Elizabeth",female,40.95,0,0,50476,31.7832,,S
501,0,3,"Harris, Mr. John",male,43.19,1,0,A/5 291696,54.9705,,S
502,0,2,"Anderson, Mr. John",male,13.45,1,0,962234,31.3986,G49,S
503,1,3,"Nasser, Mrs. Anna",female,26.19,3,0,70093,65.1333,,S
504,1,3,"Vestrom, Mr. Albert",male,18.28,0,0,W./C. 329634,35.3574,,C
505,1,1,"Taylor, Miss. Margaret",female,,0,0,257323,204.0152,,Q
506,0,3,"Williams, Miss. Lily",female,12.25,1,1,714895,54.9222,,S
507,0,3,"Jackson, Mr. Robert",male,44.17,3,0,A/5 81674,57.3133,,S
508,0,1,"Andersson, Mrs. Alice",female,36.93,1,0,286291,490.2151,,C
509,0,3,"Williams, Mr. Henry",male,26.86,0,2,769460,15.2768,,S
510,0,1,"Thomas, Mr. John",male,13.23,0,1,SC/Paris 591669,183.233,G63,S
511,1,3,"Heikkinen, Mr. Arthur",male,,0,1,851181,66.9087,,S
512,0,3,"Heikkinen, Mr. Albert",male,22.67,1,0,A/5 387791,52.8206,,S
513,0,1,"Davis, Mr. Frederick",male,20.25,0,0,576312,101.2529,,C
514,1,3,"Smith, Mr. Arthur",male,,1,4,A/5 266976,5.6501,,S
515,0,3,"White, Mr. George",male,,0,0,STON/O2. 42025,34.1448,,S
516,0,3,"Smith, Mr. George",male,29.95,1,0,78994,45.8537,,S
517,1,1,"Hewlett, Mr. Robert",male,28.81,0,0,A/4 396797,213.8208,,S
518,0,3,"Anderson, Mr. John",male,41.18,0,0,445854,6.7274,,S
519,0,1,"Davis, Mr. George",male,,1,0,A/4 749987,299.1859,,C
520,0,3,"Cumings, Mr. Henry",male,,0,0,911039,39.4203,,S
521,1,3,"Johnson, Mr. Edward",male,,0,0,A/4 979534,16.4241,,S
522,0,3,"Saundercock, Mr. Edward",male,,0,0,W./C. 273168,24.2802,,S
523,0,3,"Andersson, Mrs. Emma",female,32.08,0,2,583124,21.9664,D125,S
524,1,2,"Davis, Mr. Thomas",male,23.46,0,0,PC 256095,62.7071,,S
525,1,2,"Nasser, Mr. James",male,33.81,0,0,262176,50.9997,B62,S
526,1,1,"Bonnell, Mr. Henry",male,44.72,1,0,STON/O2. 659767,157.5522,B29,S
527,0,2,"Andersson, Miss. Anna",female,32.19,2,0,530954,31.051,,C
528,1,2,"Porter, Mr. Arthur",male,,0,0,157164,61.528,,C
529,0,2,"Futrelle, Miss. Emma",female,8.0,0,0,207717,12.4169,F23,C
530,0,3,"Porter, Mr. Henry",male,13.11,1,0,A/4 916639,33.1958,,S
531,0,3,"Martin, Mr. Charles",male,,0,1,448603,37.3714,D44,S
532,1,1,"Braund, Mr. Henry",male,42.65,0,0,602799,68.0972,B29,Q
533,1,1,"Anderson, Mr. William",male,44.84,1,0,213204,351.2089,,S
534,1,1,"Brown, Mr. James",male,40.44,0,2,759849,225.4076,,S
535,1,1,"Williams, Mr. Thomas",male,12.0,0,0,PP 437670,254.7607,,C
536,0,1,"Harris, Mr. Arthur",male,,0,0,241056,49.8861,,C
537,0,2,"Williams, Mrs. Rose",female,7.0,0,0,540087,38.1446,,C
538,1,2,"Johnstone, Mrs. Florence",female,38.11,0,0,978606,31.6069,,Q
539,0,3,"White, Mr. James",male,21.11,0,2,114034,29.4963,D22,C
540,0,3,"Heikkinen, Miss. Rose",female,,1,0,725886,52.2021,,S
541,0,1,"Harris, Mr. James",male,28.63,0,0,182413,212.6333,,S
542,0,2,"Moran, Miss. Emma",female,,1,0,C.A. 801981,35.4297,,S
543,1,2,"Thomas, Mr. Edward",male,15.0,0,0,PC 741686,52.7556,,S
544,1,3,"Saundercock, Mr. Albert",male,,1,0,PC 414532,18.3578,C41,S
545,0,3,"Martin, Miss. Lily",female,40.67,0,0,549912,41.1953,B10,S
546,0,3,"White, Mr. John",male,26.16,0,1,PC 479997,31.2352,,S
547,1,1,"Saundercock, Mr. Frederick",male,35.72,0,1,C.A. 420972,473.4876,,S
548,0,3,"Williams, Miss. Emma",female,20.1,1,0,202893,14.6794,,S
549,0,3,"Palsson, Mr. Robert",male,36.58,1,1,932620,46.9204,,S
550,1,3,"Moran, Mr. Robert",male,39.71,1,1,751046,59.3413,,C
551,1,3,"Braund, Mr. Edward",male,35.01,0,0,948790,20.395,F143,S
552,1,1,"Futrelle, Mr. Thomas",male,,1,0,112915,418.254,,S
553,1,3,"Moore, Mr. Edward",male,45.99,0,2,C.A. 105672,67.397,,S
554,1,3,"Brown, Miss. Edith",female,35.14,1,0,319821,25.3273,,S
555,0,2,"Smith, Mr. Arthur",male,,0,0,750211,63.57,A61,C
556,1,1,"Davis, Miss. Margaret",female,4.37,0,1,805748,286.9135,,S
557,0,1,"Anderson, Miss. Anna",female,29.78,0,0,97058,481.1731,,S
558,1,1,"Moran, Mr. William",male,18.61,1,0,PP 538691,175.8591,,S
559,0,2,"Cumings, Mrs. Alice",female,43.4,0,0,A/4 262420,62.4723,,S
560,1,1,"Bonnell, Miss. Florence",female,32.03,1,0,STON/O2. 164004,397.3505,,S
561,0,3,"Lee, Mrs. Alice",female,61.06,0,0,397601,55.1245,,S
562,0,3,"Saundercock, Mr. George",male,,0,0,PC 582529,49.6188,,S
563,0,3,"Johnson, Mr. Robert",male,25.3,1,0,702865,42.1273,G28,S
564,0,3,"McCarthy, Mr. Arthur",male,,1,0,A/4 208397,32.9693,A114,S
565,1,3,"Martin, Mrs. Alice",female,30.65,0,0,419779,59.7235,,S
566,1,3,"Thomas, Mr. Charles",male,11.0,0,0,PC 56182,66.1727,,S
567,0,1,"Lee, Mrs. Emma",female,32.66,0,5,704023,269.8258,F143,S
568,1,2,"Allen, Mr. Albert",male,6.0,0,0,346992,62.7265,,S
569,0,3,"Garcia, Mrs. Alice",female,7.0,0,2,PP 226461,41.7083,,S
570,0,1,"Johnstone, Mrs. Elizabeth",female,29.29,0,0,PC 609434,223.4941,,S
571,1,1,"Garcia, Miss. Anna",female,27.01,0,0,573285,261.7454,,S
572,0,3,"Palsson, Mr. Thomas",male,12.38,0,0,334887,17.2083,,S
573,0,3,"Davis, Mrs. Edith",female,,1,0,PC 721394,3.7436,D129,Q
574,1,3,"Wilson, Miss. Florence",female,,0,0,670113,19.3187,B95,C
575,0,3,"Sandstrom, Mr. Thomas",male,52.16,2,0,470984,36.8869,,C
576,1,2,"Andersson, Mrs. Mary",female,31.01,0,0,SC/Paris 319174,59.5795,,Q
577,0,1,"Smith, Mr. Thomas",male,17.85,0,0,693289,296.1532,,Q
578,0,2,"Sandstrom, Mr. Albert",male,52.7,1,2,267186,33.2711,,C
579,0,3,"Williams, Miss. Alice",female,26.09,0,0,A/5 748642,26.4428,,S
580,1,3,"Saundercock, Mr. Albert",male,17.61,0,0,PC 757322,33.118,E82,S
581,0,1,"Futrelle, Mr. William",male,32.91,0,0,905603,349.5619,,S
582,0,3,"Rice, Mrs. Elizabeth",female,,1,0,W./C. 849152,6.6412,B70,S
583,1,3,"Jones, Mr. Frederick",male,18.73,0,0,STON/O2. 992827,54.2893,,S
584,1,1,"Nasser, Mr. John",male,5.0,0,0,406377,190.2674,,S
585,1,3,"Nasser, Mr. Albert",male,61.36,0,2,C.A. 357843,53.3262,,S
586,0,3,"Jackson, Miss. Florence",female,,0,0,362417,13.316,,Q
587,1,1,"Heikkinen, Miss. Florence",female,22.13,0,2,589033,67.5056,,S
588,1,2,"Carlsson, Mr. James",male,7.28,0,2,394445,15.3329,,Q
589,0,1,"Anderson, Miss. Lily",female,,0,0,PP 932849,393.589,,
590,1,3,"Garcia, Mrs. Emma",female,4.88,0,0,48779,4.255,B16,S
591,1,1,"Miller, Miss. Alice",female,46.1,0,0,590872,266.3742,C27,S
592,1,2,"Smith, Mr. Frederick",male,33.92,0,0,249815,62.9479,,Q
593,1,2,"Andersson, Mr. Albert",male,22.36,1,0,362417,54.1815,,S
594,0,1,"Wilson, Mr. Henry",male,32.43,2,0,PC 596644,225.551,,C
595,1,3,"Bonnell, Mr. John",male,27.92,0,0,STON/O2. 307521,23.7154,,S
596,0,3,"Wilson, Mr. James",male,17.93,1,0,A/5 330963,12.0362,,C
597,1,3,"Braund, Mrs. Emma",female,14.34,0,0,147692,16.5399,,C
598,1,1,"Bonnell, Miss. Margaret",female,5.63,0,0,10472,443.4645,,Q
599,1,3,"Johnson, Miss. Alice",female,20.36,4,0,189674,7.6949,G55,C
600,0,3,"Bonnell, Miss. Rose",female,39.41,0,1,A/4 890694,59.9894,,S
601,0,1,"Martin, Mr. Arthur",male,34.3,0,0,W./C. 664759,181.8213,,S
602,1,1,"Miller, Mr. Thomas",male,10.01,0,0,279676,112.6691,,C
603,0,3,"Johnson, Miss. Emma",female,22.96,0,1,A/4 44162,32.9812,,S
604,0,1,"Rice, Mr. Arthur",male,,1,0,C.A. 113313,229.1327,,C
605,0,2,"Rice, Mr. Thomas",male,36.57,1,0,87373,25.9129,,S
606,1,3,"Cumings, Mr. George",male,37.72,1,0,SC/Paris 719730,30.6122,,S
607,0,3,"Johnstone, Mr. Edward",male,39.07,0,0,449096,21.1888,,C
608,0,2,"Skoog, Mr. Charles",male,34.08,0,0,474919,69.5774,,S
609,0,3,"Lee, Mrs. Margaret",female,33.67,0,0,468143,46.3385,,S
610,0,1,"Futrelle, Mr. John",male,15.0,0,0,PP 838566,240.7409,,S
611,1,3,"Futrelle, Miss. Alice",female,,1,0,95455,15.2677,,S
612,0,3,"Johnson, Mrs. Alice",female,18.63,0,2,958497,48.6366,,S
613,1,1,"Lee, Mr. Thomas",male,11.4,0,0,PC 190937,460.2458,,S
614,1,3,"Jackson, Mr. Frederick",male,61.9,0,0,386007,59.743,,C
615,0,2,"Moore, Miss. Emma",female,,0,0,836165,41.9975,,S
616,1,3,"Porter, Mrs. Mary",female,,0,0,STON/O2. 686852,54.9612,E19,S
617,0,2,"Johnson, Mr. Charles",male,33.35,0,1,A/5 996107,61.068,,S
618,0,3,"White, Mr. Charles",male,28.09,0,0,716637,11.0332,,C
619,0,3,"Johnson, Mrs. Anna",female,45.99,0,0,182062,49.0108,,S
620,0,2,"White, Mr. Charles",male,,0,0,70351,17.1434,,C
621,1,1,"McCarthy, Mr. Edward",male,30.78,1,1,235085,145.7252,,S
622,1,2,"Wilson, Mr. Arthur",male,2.0,0,0,71309,41.5192,,S
623,1,1,"Heikkinen, Mr. Thomas",male,57.21,2,2,120156,90.0108,G47,S
624,1,1,"Andersson, Mr. Robert",male,9.66,0,1,22576,443.3501,,C
625,0,3,"Saundercock, Mr. Henry",male,44.91,0,0,628290,66.1714,,S
626,1,1,"Martin, Mrs. Rose",female,17.71,0,0,281092,149.0558,D116,S
627,0,1,"Johnson, Mr. Robert",male,49.76,2,0,A/5 695186,295.8738,,S
628,0,2,"Porter, Mr. William",male,32.26,0,2,SC/Paris 192303,33.1317,,S
629,0,1,"Rice, Mr. James",male,33.85,0,0,STON/O2. 782700,344.5419,,Q
630,1,1,"Harris, Miss. Alice",female,52.23,0,0,A/4 894993,139.3292,G68,S
631,1,3,"Johnson, Mr. James",male,11.51,0,0,574722,68.7121,,S
632,1,1,"Johnstone, Mr. William",male,33.13,0,1,A/5 642857,176.3531,,Q
633,0,1,"Saundercock, Miss. Alice",female,9.32,0,0,A/5 867164,363.348,,C
634,0,3,"Porter, Miss. Anna",female,27.19,0,0,PC 82494,37.5718,A111,C
635,0,3,"Hewlett, Mr. John",male,28.62,0,0,PC 83867,22.818,,S
636,1,3,"Williams, Mr. James",male,8.15,0,0,866404,4.4998,D55,S
637,1,2,"White, Mrs. Florence",female,38.94,0,0,C.A. 616036,54.4463,,C
638,1,3,"Rice, Miss. Margaret",female,7.0,0,0,165404,21.9669,,Q
639,0,3,"Vestrom, Miss. Anna",female,33.87,0,0,C.A. 654817,32.5558,,S
640,0,3,"Palsson, Mr. Robert",male,18.75,1,0,PC 485353,14.7072,,S
641,0,2,"Hewlett, Miss. Anna",female,13.8,0,0,886540,17.57,,S
642,0,3,"Saundercock, Miss. Rose",female,,0,0,480767,49.6717,,C
643,0,3,"Taylor, Mr. Robert",male,,0,0,286248,9.0806,,S
644,1,3,"Thomas, Mr. George",male,,0,0,450274,46.0811,,S
645,1,2,"Martin, Mrs. Margaret",female,19.42,0,0,W./C. 947803,56.0328,,S
646,0,3,"Smith, Miss. Elizabeth",female,0.97,1,0,W./C. 865360,66.1325,,C
647,1,1,"Thomas, Mr. Frederick",male,2.0,1,1,267285,419.1052,A130,C
648,0,2,"Bradley, Mr. James",male,52.97,0,0,STON/O2. 858303,22.097,,S
649,1,3,"Brown, Mr. John",male,51.25,1,0,989651,64.2703,A96,S
650,0,1,"Johnson, Mrs. Emma",female,31.99,0,0,757556,388.2633,,Q
651,0,3,"Harris, Miss. Emma",female,20.25,0,0,847334,50.6984,,S
652,0,2,"Wilson, Mrs. Rose",female,,0,0,PP 51711,17.4061,,S
653,0,3,"Lee, Mr. Charles",male,,0,2,705463,9.4921,E100,C
654,0,2,"Futrelle, Miss. Elizabeth",female,15.09,1,0,250402,23.1926,B76,S
655,0,3,"Carlsson, Miss. Mary",female,6.2,0,0,PC 916381,18.6687,,S
656,0,3,"Palsson, Mrs. Anna",female,32.76,1,1,A/4 854262,15.3698,,S
657,0,1,"Martin, Mr. George",male,15.77,2,0,A/5 768754,347.4726,,S
658,0,3,"Taylor, Mrs. Alice",female,13.35,0,0,SC/Paris 586842,12.345,,S
659,1,3,"Palsson, Mr. Arthur",male,47.79,0,0,PP 154412,34.1967,,S
660,0,3,"Thomas, Mr. Charles",male,2.73,0,0,871793,64.9769,F30,S
661,1,3,"White, Mrs. Elizabeth",female,0.17,0,0,190921,15.672,,S
662,0,3,"Sandstrom, Mr. Arthur",male,45.26,0,0,241617,67.5586,,S
663,1,3,"Lee, Mrs. Anna",female,32.19,1,0,114606,68.6259,,S
664,1,2,"Johnson, Mr. Albert",male,34.8,0,0,29930,21.8379,C33,S
665,1,3,"Garcia, Mr. Edward",male,32.16,0,1,363544,14.6443,,S
666,0,3,"Lee, Mr. George",male,31.19,0,1,A/4 875340,24.2049,B98,C
667,1,1,"Braund, Mr. Edward",male,,0,0,PP 237545,138.137,,S
668,1,1,"Smith, Mrs. Margaret",female,27.64,0,2,A/4 208302,167.5215,,S
669,1,2,"McCarthy, Mr. Charles",male,32.21,2,0,62715,21.267,,C
670,1,3,"Saundercock, Mr. William",male,42.01,0,0,681611,67.181,,S
671,1,1,"Braund, Miss. Rose",female,24.97,1,1,575796,428.2045,,S
672,1,1,"Saundercock, Miss. Florence",female,41.14,1,0,302111,233.8472,E118,C
673,1,1,"Allen, Mr. Charles",male,29.31,0,2,828165,315.6871,,S
674,0,3,"Allen, Mr. Edward",male,16.5,2,0,297952,42.55,,S
675,1,2,"Williams, Mr. Thomas",male,16.65,1,0,584247,56.8984,,C
676,0,3,"Cumings, Miss. Edith",female,10.7,0,2,723496,22.3597,,S
677,0,3,"Skoog, Mr. Robert",male,19.11,1,0,611610,15.652,,S
678,1,3,"Wilson, Mr. William",male,37.84,0,0,509522,46.185,E15,C
679,0,1,"Porter, Mrs. Margaret",female,26.33,0,0,A/5 752972,249.3815,,S
680,0,3,"Harris, Mr. Henry",male,48.64,0,0,432779,48.566,,S
681,0,1,"Jones, Mr. Thomas",male,18.2,0,0,143003,479.6592,,S
682,0,2,"Moore, Mr. Thomas",male,,1,0,C.A. 261529,42.3464,,S
683,1,2,"Porter, Mrs. Rose",female,44.87,1,0,759673,50.9882,,S
684,1,2,"Palsson, Mr. Charles",male,6.0,0,0,526332,66.0503,,S
685,1,2,"Carlsson, Mr. Robert",male,6.0,0,0,25363,37.7474,,S
686,0,2,"White, Mr. Frederick",male,,1,0,PC 998414,66.7742,A109,S
687,1,3,"Smith, Mr. James",male,27.26,0,0,337473,33.1272,,S
688,1,1,"Moran, Miss. Emma",female,25.24,1,0,450871,482.0856,,Q
689,0,3,"Moore, Mr. Albert",male,14.28,0,0,907482,13.768,,S
690,1,3,"Rice, Mr. Edward",male,,0,1,SC/Paris 727989,31.4296,,S
691,1,1,"Thomas, Mr. Henry",male,11.0,1,3,318953,303.111,,S
692,0,3,"Williams, Mr. Henry",male,26.98,0,0,A/5 951509,4.974,F35,S
693,1,1,"Taylor, Mr. James",male,26.43,0,0,451400,257.8754,,S
694,0,2,"Davis, Mrs. Emma",female,44.54,0,0,W./C. 667470,30.5772,,S
695,1,2,"Johnstone, Mr. James",male,,0,0,343962,49.2688,,S
696,0,3,"Brown, Mr. Albert",male,35.44,0,2,C.A. 411354,45.1028,B68,C
697,0,3,"Brown, Miss. Alice",female,21.68,1,0,702562,63.0759,E37,S
698,1,3,"Cumings, Miss. Emma",female,59.53,0,0,PP 90743,4.6811,,C
699,1,1,"Lee, Mr. James",male,67.43,1,0,968196,165.6776,,S
700,0,3,"McCarthy, Miss. Florence",female,34.88,0,0,90846,55.0713,,S
701,0,2,"Harris, Mr. William",male,27.6,0,0,815468,26.5497,A103,C
702,0,1,"Cumings, Mrs. Alice",female,11.0,0,0,STON/O2. 608337,68.0183,G87,S
703,0,3,"Johnson, Mr. George",male,21.48,0,0,290962,12.4244,,S
704,1,3,"Jones, Mrs. Emma",female,35.9,0,0,997140,61.6354,,S
705,1,3,"Williams, Mr. James",male,42.03,1,0,387480,34.3349,D10,S
706,0,3,"Moran, Mr. Robert",male,2.89,0,0,627787,61.0165,,S
707,0,3,"Williams, Miss. Emma",female,25.89,0,0,A/4 819749,41.8733,,S
708,0,3,"McCarthy, Mr. Robert",male,31.21,0,2,PP 525156,47.6596,,C
709,1,1,"Williams, Mr. William",male,28.4,0,0,677760,162.3012,,S
710,1,3,"Sandstrom, Mr. Edward",male,10.0,0,2,644703,46.6747,A71,S
711,1,1,"Andersson, Mr. Thomas",male,,0,0,C.A. 605494,105.7349,,S
712,1,3,"Skoog, Miss. Alice",female,9.69,0,0,191545,37.143,C37,S
713,1,3,"Johnstone, Mr. Charles",male,35.47,1,0,431000,56.0995,,S
714,1,3,"Cumings, Mrs. Anna",female,15.9,0,2,C.A. 722615,27.9741,D86,S
715,1,3,"Jackson, Miss. Mary",female,18.11,1,0,PP 289642,28.922,,S
716,1,3,"Skoog, Mrs. Lily",female,25.44,0,0,414757,9.7677,,S
717,1,1,"Andersson, Miss. Rose",female,1.0,0,0,232525,454.3106,,C
718,1,2,"Saundercock, Mr. James",male,0.18,2,0,604857,12.4168,,S
719,1,3,"Allen, Mr. Thomas",male,22.97,0,0,PP 453115,45.9577,C98,Q
720,0,3,"Taylor, Mr. George",male,27.8,0,0,C.A. 356288,30.5642,,S
721,0,1,"Anderson, Mrs. Margaret",female,33.08,1,0,C.A. 583092,335.1473,C92,S
722,1,3,"Williams, Mr. Arthur",male,47.34,5,0,78261,48.0106,,S
723,0,3,"Porter, Miss. Rose",female,,1,0,A/5 968731,7.8946,,S
724,0,1,"Garcia, Mr. Thomas",male,,0,4,PP 816915,165.6072,,S
725,0,3,"Nasser, Mr. George",male,12.62,0,0,STON/O2. 207724,54.0681,,S
726,0,2,"Jackson, Mrs. Mary",female,45.67,0,1,616326,64.871,,S
727,0,3,"Harris, Mr. Charles",male,12.04,0,0,665607,14.6697,,S
728,1,3,"Nasser, Mr. Henry",male,9.85,0,0,A/5 22058,62.2809,,C
729,1,3,"Anderson, Mr. Robert",male,17.37,0,0,163434,46.4776,E146,S
730,1,3,"Saundercock, Mr. Charles",male,4.0,1,0,703716,61.2615,E96,S
731,1,1,"Rice, Mr. William",male,38.83,0,1,793473,270.5229,,C
732,0,3,"Johnson, Mr. Edward",male,,0,0,980458,39.0032,,S
733,1,3,"Bonnell, Miss. Margaret",female,,0,0,PC 625152,63.697,,S
734,0,3,"Sandstrom, Mr. Edward",male,45.85,0,1,A/5 409294,62.4441,,C
735,1,1,"Sandstrom, Mr. Thomas",male,29.31,1,0,W./C. 208158,482.2176,,S
736,1,2,"Heikkinen, Mr. Albert",male,1.0,0,0,948841,14.6345,,S
737,0,3,"Taylor, Mr. Frederick",male,47.7,0,1,984848,29.2527,,S
738,1,3,"Thomas, Mrs. Elizabeth",female,38.83,0,0,PC 783366,28.8986,,C
739,1,1,"Vestrom, Mrs. Florence",female,30.97,0,2,226409,427.3817,,S
740,0,1,"Heikkinen, Mr. James",male,51.91,0,0,992052,173.5029,,S
741,0,1,"Harris, Mrs. Florence",female,23.04,1,0,SC/Paris 369697,219.6607,,S
742,0,3,"Futrelle, Mrs. Rose",female,10.0,0,0,248113,8.076,,S
743,1,3,"Vestrom, Mr. Edward",male,9.0,1,0,A/5 583314,47.8835,,S
744,0,3,"Porter, Mr. Albert",male,32.88,1,0,696457,14.8197,,S
745,0,1,"Skoog, Mr. Thomas",male,14.0,1,1,PC 602158,493.3432,,S
746,1,3,"Johnson, Mr. William",male,,0,1,886621,7.5311,F127,S
747,1,1,"Carlsson, Miss. Elizabeth",female,,0,1,562548,73.6496,,S
748,1,3,"Sandstrom, Mrs. Elizabeth",female,,1,0,705824,53.8316,,S
749,1,1,"Skoog, Mr. Thomas",male,21.95,0,0,C.A. 784924,53.7502,,C
750,0,3,"Williams, Mr. Thomas",male,34.54,0,0,683171,18.01,,S
751,1,3,"Bradley, Mr. James",male,21.99,0,0,519953,33.8624,,S
752,1,3,"Williams, Mr. Thomas",male,17.57,0,1,C.A. 469451,34.3062,,C
753,0,3,"Martin, Mr. William",male,23.28,1,0,PC 584526,60.7192,,S
754,1,3,"Smith, Mr. William",male,,0,0,PP 511609,53.4633,,C
755,1,2,"Johnstone, Mr. Albert",male,25.78,0,0,230991,53.4407,,S
756,0,3,"Harris, Mr. James",male,63.09,0,0,710163,47.4339,,C
757,0,3,"Garcia, Mr. Arthur",male,13.0,0,2,A/4 631458,59.0018,,S
758,0,1,"Taylor, Mrs. Florence",female,,0,0,214482,179.8038,,C
759,0,1,"Wilson, Mr. William",male,,1,0,A/5 825187,402.1616,G116,S
760,0,3,"Andersson, Miss. Florence",female,47.56,3,0,PC 600649,62.9244,B86,S
761,0,3,"Brown, Mr. Arthur",male,27.13,0,0,125232,51.9905,,S
762,0,1,"Skoog, Mr. Charles",male,28.56,0,2,377295,412.6346,,S
763,1,3,"Moran, Mrs. Emma",female,28.02,0,1,A/4 153324,38.1917,C141,S
764,0,3,"Palsson, Miss. Margaret",female,29.81,0,0,242535,26.2789,G132,S
765,0,1,"Miller, Mr. Edward",male,5.0,2,0,319166,140.485,,C
766,0,2,"Thomas, Mr. James",male,26.32,0,0,PP 172999,43.8549,E95,S
767,0,1,"McCarthy, Mrs. Alice",female,15.0,0,0,312997,443.7184,,S
768,0,1,"Braund, Mrs. Florence",female,,0,0,713625,370.9555,,S
769,1,3,"Palsson, Mr. James",male,37.16,0,0,341134,59.9107,,S
770,0,2,"Skoog, Mr. Robert",male,,1,1,STON/O2. 41736,24.9354,,C
771,1,2,"Skoog, Mr. Frederick",male,,0,0,179130,38.1782,,S
772,0,3,"White, Mr. Thomas",male,31.5,0,0,337399,30.2253,,S
773,0,2,"Moore, Mr. Henry",male,3.0,1,0,C.A. 225793,70.1103,,Q
774,0,3,"Cumings, Mr. Robert",male,3.0,0,0,677935,19.8663,,S
775,0,3,"Andersson, Miss. Alice",female,11.0,0,0,433859,45.4364,,S
776,1,2,"Porter, Mr. John",male,,1,0,402072,36.8313,,S
777,0,3,"Sandstrom, Mrs. Florence",female,2.0,1,0,692150,30.8876,,S
778,1,3,"Davis, Mr. Charles",male,20.84,1,1,A/4 339592,63.1715,D50,S
779,0,3,"Sandstrom, Mr. Edward",male,,0,0,744264,68.5522,,S
780,0,3,"Williams, Miss. Emma",female,22.02,1,0,666329,10.449,,C
781,0,3,"Harris, Mr. Henry",male,5.0,4,0,459521,18.765,,S
782,0,2,"Saundercock, Mr. Thomas",male,,0,0,171534,66.8922,,S
783,0,2,"Garcia, Mr. Robert",male,15.0,0,0,420503,18.8024,,C
784,0,2,"Braund, Mr. Thomas",male,41.04,0,0,765325,16.0559,,C
785,0,2,"Williams, Mrs. Elizabeth",female,35.95,4,0,269933,36.7481,A80,S
786,0,3,"Sandstrom, Mr. William",male,16.42,5,0,C.A. 870029,14.0521,D139,S
787,1,1,"White, Miss. Rose",female,5.0,0,0,611961,103.4659,,S
788,0,3,"Bonnell, Mr. Edward",male,,0,0,772143,15.29,,C
789,0,3,"Miller, Mr. Thomas",male,,0,0,PC 588536,36.4169,,S
790,0,3,"Saundercock, Mr. Henry",male,39.44,0,0,916356,59.0714,,S
791,1,3,"Rice, Mrs. Margaret",female,43.48,1,0,781237,4.8363,,S
792,1,3,"White, Mr. Charles",male,,0,0,497389,43.094,,S
793,1,2,"Johnson, Mrs. Edith",female,14.86,0,2,338547,49.9325,,S
794,0,3,"Sandstrom, Mr. Henry",male,25.55,0,0,PC 927997,59.9829,,S
795,1,2,"Futrelle, Mr. Robert",male,11.0,1,0,A/4 903063,23.1451,,S
796,0,2,"Harris, Miss. Alice",female,40.12,1,0,108441,51.9122,,Q
797,1,3,"Brown, Miss. Anna",female,12.26,0,0,PP 898748,47.6614,,S
798,0,3,"Bonnell, Mr. George",male,14.46,0,2,657884,18.0078,,S
799,0,1,"Martin, Mr. Robert",male,,0,0,92656,136.2047,,S
800,1,1,"Moore, Mr. Albert",male,,0,0,354153,478.7043,E104,S
801,0,1,"Hewlett, Mr. Albert",male,12.0,1,0,SC/Paris 992457,467.4873,,S
802,0,3,"Jackson, Mrs. Lily",female,36.86,0,1,A/5 956425,56.488,,S
803,0,2,"Jones, Miss. Florence",female,64.54,1,1,937066,47.7641,,C
804,1,1,"Saundercock, Miss. Alice",female,56.61,0,1,863839,184.9253,,C
805,1,3,"Rice, Mr. George",male,,0,0,SC/Paris 487134,43.2266,,C
806,0,3,"Nasser, Mr. Edward",male,38.66,0,0,495064,43.079,,S
807,1,2,"Bradley, Mr. Frederick",male,,1,0,A/5 676025,51.7294,,S
808,0,3,"Andersson, Mr. John",male,23.32,0,0,W./C. 964955,31.3377,,C
809,1,1,"Futrelle, Mr. Robert",male,41.29,1,0,W./C. 571178,60.9467,,Q
810,0,3,"Skoog, Mrs. Florence",female,18.24,1,0,138821,20.8598,,S
811,1,3,"Bonnell, Mr. William",male,43.1,0,2,808040,38.6206,,C
812,0,3,"Andersson, Miss. Emma",female,11.0,0,0,A/5 347140,32.9192,,S
813,0,3,"Johnstone, Mr. James",male,25.68,0,0,A/4 58676,32.3279,,S
814,1,1,"McCarthy, Mr. Charles",male,50.01,2,0,51468,173.435,,S
815,1,1,"Moran, Mr. Edward",male,34.58,0,0,950167,216.9198,E109,Q
816,0,3,"Skoog, Mrs. Rose",female,22.29,2,0,452989,17.4998,,S
817,0,1,"Allen, Mr. William",male,27.63,1,0,A/5 666078,306.943,,S
818,0,1,"Andersson, Mr. James",male,44.04,1,0,C.A. 787460,491.578,,S
819,1,3,"Williams, Mr. Arthur",male,,0,0,149469,18.4195,,S
820,0,2,"Martin, Mr. William",male,,0,0,46406,34.6668,D78,S
821,0,3,"Wilson, Mr. Edward",male,40.24,4,1,517394,27.8308,,S
822,0,3,"Martin, Mr. Thomas",male,11.97,1,0,521112,32.9037,,Q
823,0,3,"Anderson, Mrs. Mary",female,39.57,2,0,W./C. 76839,38.6846,,S
824,0,3,"Thomas, Miss. Florence",female,8.65,0,0,250495,16.8316,D112,S
825,0,2,"Nasser, Miss. Rose",female,15.03,0,0,322701,33.8156,,S
826,1,3,"Garcia, Mr. James",male,17.27,1,1,SC/Paris 958671,61.1676,,S
827,0,2,"Andersson, Mr. Robert",male,4.0,0,0,906721,55.2984,,S
828,1,1,"Johnstone, Mr. Robert",male,28.09,0,0,C.A. 343808,155.0756,B14,S
829,0,3,"Moran, Mr. Edward",male,31.81,0,0,100764,5.8326,,S
830,0,1,"Skoog, Miss. Rose",female,7.35,4,0,PC 343873,126.0612,,S
831,0,2,"Williams, Miss. Anna",female,44.79,0,0,A/4 896781,30.4396,,Q
832,1,3,"Taylor, Miss. Anna",female,46.21,0,0,STON/O2. 620256,40.1041,,S
833,0,1,"Sandstrom, Mrs. Alice",female,29.87,0,1,824578,484.3932,,S
834,0,3,"Sandstrom, Mr. James",male,,0,2,PP 914605,15.1251,,S
835,0,3,"Taylor, Mr. Albert",male,18.64,0,0,17939,20.0206,G77,S
836,1,3,"Porter, Miss. Alice",female,18.1,1,0,307604,56.6028,,C
837,1,3,"Porter, Mr. Arthur",male,38.12,0,1,A/5 931170,65.5397,,S
838,1,1,"Palsson, Mrs. Elizabeth",female,,0,0,920283,273.8527,,S
839,0,3,"Williams, Mrs. Mary",female,8.0,0,0,219827,36.096,,C
840,1,1,"Williams, Miss. Mary",female,22.88,0,1,150805,463.7694,,S
841,0,1,"Jackson, Mr. Frederick",male,0.38,0,1,C.A. 151685,477.9826,A32,S
842,1,3,"Johnson, Miss. Lily",female,58.28,5,0,870460,24.8205,,S
843,0,3,"Garcia, Mr. William",male,33.22,0,0,W./C. 239178,12.9115,E99,Q
844,1,2,"Hewlett, Mr. George",male,,1,0,235433,31.5419,,Q
845,1,1,"Garcia, Mr. John",male,,0,1,468616,418.06,,C
846,1,2,"Hewlett, Mr. Robert",male,0.17,0,6,531084,11.5366,,Q
847,0,3,"McCarthy, Mr. William",male,23.13,0,0,W./C. 402339,4.1053,,S
848,1,2,"Hewlett, Mr. Edward",male,40.25,0,2,903520,44.5827,,S
849,1,1,"Saundercock, Mr. Frederick",male,41.33,0,0,894544,137.6421,,S
850,0,3,"Bonnell, Mr. Charles",male,53.62,0,1,843753,43.2072,,S
851,1,2,"Heikkinen, Mr. Albert",male,28.39,0,0,PC 635388,51.0926,D42,S
852,0,3,"McCarthy, Mr. George",male,9.0,4,2,822939,41.8493,,S
853,0,1,"McCarthy, Miss. Emma",female,17.88,0,0,388932,153.58,,Q
854,0,3,"Palsson, Miss. Alice",female,17.97,0,0,A/5 131364,9.1945,,S
855,1,3,"Martin, Mr. Henry",male,20.93,0,0,469977,18.1032,,S
856,1,3,"Thomas, Mr. Robert",male,,0,0,698976,15.8178,,S
857,0,3,"Palsson, Mr. Charles",male,29.69,1,0,STON/O2. 787885,31.5353,,S
858,0,3,"Moore, Mr. Thomas",male,6.0,0,2,612650,46.6176,,S
859,0,3,"Skoog, Mr. John",male,,1,0,PC 100122,20.7793,,C
860,0,3,"Cumings, Mr. Thomas",male,9.0,1,3,SC/Paris 622458,4.2906,,S
861,0,2,"Johnson, Mr. Henry",male,48.3,0,0,PC 952192,29.8587,,S
862,0,3,"Rice, Miss. Emma",female,5.5,0,0,236851,43.1772,F134,S
863,0,3,"Futrelle, Mr. Edward",male,46.73,1,1,STON/O2. 920521,66.568,,Q
864,0,3,"Allen, Mr. William",male,25.57,0,1,PC 108724,42.1103,,S
865,1,3,"Jackson, Mr. Arthur",male,8.0,1,2,276381,34.3618,,S
866,0,3,"Brown, Mr. William",male,36.21,3,0,C.A. 806684,41.0578,,S
867,0,2,"Allen, Mr. James",male,23.3,0,1,PP 528831,11.3173,A118,Q
868,0,3,"Hewlett, Mrs. Margaret",female,8.0,0,0,A/5 629935,57.7588,,S
869,1,3,"Rice, Mr. James",male,,0,0,328891,24.6551,,S
870,0,2,"Nasser, Mr. William",male,32.59,0,0,506329,16.5139,,C
871,1,2,"Anderson, Miss. Mary",female,19.81,0,0,89780,37.185,,C
872,0,3,"Johnson, Mrs. Alice",female,25.86,0,0,SC/Paris 845326,36.5396,,S
873,1,2,"Sandstrom, Miss. Margaret",female,27.64,1,0,W./C. 277735,42.5046,,C
874,1,3,"Thomas, Mr. Edward",male,,0,1,1727,36.4609,G130,S
875,0,3,"Nasser, Miss. Margaret",female,,1,0,366543,7.9407,B20,S
876,0,2,"Taylor, Mr. Charles",male,21.62,0,0,A/5 393575,67.0745,,S
877,0,2,"Lee, Mr. Henry",male,13.0,0,0,PC 585379,45.7088,,C
878,0,3,"Johnson, Mr. Albert",male,22.75,1,0,411609,22.4621,D13,S
879,0,3,"Smith, Mr. George",male,38.37,0,0,A/5 881624,47.0002,,S
880,0,3,"Anderson, Mr. William",male,30.4,1,0,PC 373949,31.4418,A53,S
881,0,3,"Skoog, Mr. Charles",male,42.62,0,0,905521,61.7373,,S
882,0,3,"Heikkinen, Miss. Anna",female,41.79,0,0,A/4 399640,58.8623,,C
883,1,3,"Heikkinen, Mr. John",male,52.35,0,0,685547,37.9158,A29,S
884,0,3,"Brown, Miss. Anna",female,21.84,0,0,676899,48.7936,,S
885,1,2,"Sandstrom, Mr. Frederick",male,,0,0,487626,31.1646,E49,C
886,0,3,"Jackson, Mrs. Elizabeth",female,22.19,0,0,656313,35.9695,,S
887,0,3,"Smith, Mr. George",male,33.74,0,0,638684,24.0179,G145,S
888,0,1,"Braund, Mr. Charles",male,6.0,0,0,157080,176.6765,,S
889,1,3,"Smith, Mrs. Mary",female,19.93,1,2,90876,17.9143,F83,Q
890,0,1,"Heikkinen, Mr. George",male,37.45,1,1,PP 388128,447.4359,,S
891,0,2,"Harris, Mr. William",male,,0,0,363681,65.2233,,S
